alpha	Beta	CL	CDi	CDv	CD	CY	Cl	Cm	Cn	Cni	QInf	XCP
-10	0	-0.292401	0.0103	0.025312	0.035612	0	0	-0.146852	0	0	9.9974	0.0516
-9.9	0	-0.287181	0.009942	0.025239	0.035181	0	0	-0.145989	0	0	9.9974	0.0503
-9.8	0	-0.281959	0.00959	0.02518	0.034771	0	0	-0.145126	0	0	9.9974	0.049
-9.7	0	-0.276735	0.009245	0.025124	0.034369	0	0	-0.144262	0	0	9.9974	0.0476
-9.6	0	-0.271508	0.008906	0.02507	0.033976	0	0	-0.143395	0	0	9.9974	0.0462
-9.5	0	-0.266279	0.008574	0.025009	0.033583	0	0	-0.142527	0	0	9.9974	0.0447
-9.4	0	-0.261047	0.008248	0.024946	0.033193	0	0	-0.141656	0	0	9.9974	0.0431
-9.3	0	-0.255814	0.007928	0.024872	0.032799	0	0	-0.140785	0	0	9.9974	0.0415
-9.2	0	-0.250578	0.007614	0.024799	0.032413	0	0	-0.139912	0	0	9.9974	0.0398
-9.1	0	-0.24534	0.007307	0.024727	0.032035	0	0	-0.139037	0	0	9.9974	0.0381
-9	0	-0.2401	0.007007	0.024659	0.031666	0	0	-0.138161	0	0	9.9974	0.0363
-8.9	0	-0.234858	0.006713	0.024543	0.031256	0	0	-0.13728	0	0	9.9974	0.0344
-8.8	0	-0.229614	0.006425	0.024421	0.030846	0	0	-0.136398	0	0	9.9974	0.0324
-8.7	0	-0.224368	0.006144	0.024304	0.030448	0	0	-0.135514	0	0	9.9974	0.0303
-8.6	0	-0.21912	0.005869	0.024227	0.030096	0	0	-0.134632	0	0	9.9974	0.0281
-8.5	0	-0.213871	0.005601	0.024148	0.029749	0	0	-0.133748	0	0	9.9974	0.0258
-8.4	0	-0.208619	0.005339	0.024074	0.029412	0	0	-0.132863	0	0	9.9974	0.0234
-8.3	0	-0.203366	0.005083	0.024024	0.029107	0	0	-0.131978	0	0	9.9974	0.0209
-8.2	0	-0.198111	0.004834	0.023981	0.028815	0	0	-0.131093	0	0	9.9974	0.0182
-8.1	0	-0.192855	0.004592	0.023939	0.028531	0	0	-0.130205	0	0	9.9974	0.0154
-8	0	-0.187597	0.004356	0.023891	0.028246	0	0	-0.129316	0	0	9.9974	0.0124
-7.9	0	-0.182337	0.004126	0.023829	0.027955	0	0	-0.128425	0	0	9.9974	0.0093
-7.8	0	-0.177076	0.003903	0.023757	0.02766	0	0	-0.127533	0	0	9.9974	0.006
-7.7	0	-0.171814	0.003686	0.023683	0.027369	0	0	-0.126639	0	0	9.9974	0.0024
-7.6	0	-0.16655	0.003476	0.023553	0.027029	0	0	-0.125739	0	0	9.9974	-0.0013
-7.5	0	-0.161285	0.003273	0.023421	0.026693	0	0	-0.124838	0	0	9.9974	-0.0053
-7.4	0	-0.156019	0.003075	0.023298	0.026373	0	0	-0.123936	0	0	9.9974	-0.0096
-7.3	0	-0.150751	0.002885	0.023224	0.026109	0	0	-0.123036	0	0	9.9974	-0.0142
-7.2	0	-0.145483	0.002701	0.023153	0.025853	0	0	-0.122135	0	0	9.9974	-0.0191
-7.1	0	-0.140213	0.002523	0.023085	0.025608	0	0	-0.121233	0	0	9.9974	-0.0243
-7	0	-0.134942	0.002352	0.023026	0.025379	0	0	-0.12033	0	0	9.9974	-0.03
-6.9	0	-0.12967	0.002188	0.022977	0.025165	0	0	-0.119426	0	0	9.9974	-0.0361
-6.8	0	-0.124397	0.00203	0.022919	0.024949	0	0	-0.118521	0	0	9.9974	-0.0428
-6.7	0	-0.119123	0.001878	0.022859	0.024738	0	0	-0.117614	0	0	9.9974	-0.0501
-6.6	0	-0.113848	0.001733	0.022788	0.024522	0	0	-0.116705	0	0	9.9974	-0.058
-6.5	0	-0.108573	0.001595	0.022715	0.024311	0	0	-0.115796	0	0	9.9974	-0.0667
-6.4	0	-0.103297	0.001463	0.022644	0.024107	0	0	-0.114885	0	0	9.9974	-0.0763
-6.3	0	-0.09802	0.001338	0.022563	0.023901	0	0	-0.113972	0	0	9.9974	-0.0869
-6.2	0	-0.092742	0.001219	0.022484	0.023703	0	0	-0.113059	0	0	9.9974	-0.0987
-6.1	0	-0.087464	0.001107	0.022386	0.023494	0	0	-0.112143	0	0	9.9974	-0.1119
-6	0	-0.082185	0.001002	0.022258	0.023259	0	0	-0.111224	0	0	9.9974	-0.1269
-5.9	0	-0.076905	0.000903	0.022143	0.023046	0	0	-0.110304	0	0	9.9974	-0.1439
-5.8	0	-0.071626	0.00081	0.022033	0.022843	0	0	-0.109384	0	0	9.9974	-0.1634
-5.7	0	-0.066345	0.000724	0.021958	0.022682	0	0	-0.108464	0	0	9.9974	-0.186
-5.6	0	-0.061065	0.000645	0.021888	0.022533	0	0	-0.107544	0	0	9.9974	-0.2125
-5.5	0	-0.055784	0.000572	0.021821	0.022393	0	0	-0.106623	0	0	9.9974	-0.2441
-5.4	0	-0.050502	0.000506	0.021753	0.022259	0	0	-0.105701	0	0	9.9974	-0.2822
-5.3	0	-0.045221	0.000446	0.021692	0.022138	0	0	-0.104778	0	0	9.9974	-0.3293
-5.2	0	-0.039939	0.000393	0.021613	0.022006	0	0	-0.103853	0	0	9.9974	-0.3888
-5.1	0	-0.034658	0.000347	0.021524	0.021871	0	0	-0.102926	0	0	9.9974	-0.4664
-5	0	-0.029376	0.000307	0.021441	0.021748	0	0	-0.101999	0	0	9.9974	-0.572
-4.9	0	-0.024094	0.000273	0.021349	0.021623	0	0	-0.10107	0	0	9.9974	-0.7239
-4.8	0	-0.018813	0.000246	0.021257	0.021504	0	0	-0.10014	0	0	9.9974	-0.961
-4.7	0	-0.013531	0.000226	0.021155	0.021382	0	0	-0.099209	0	0	9.9974	-1.3831
-4.6	0	-0.008249	0.000212	0.021055	0.021268	0	0	-0.098277	0	0	9.9974	-2.3459
-4.5	0	-0.002968	0.000205	0.020958	0.021164	0	0	-0.097344	0	0	9.9974	-6.7348
-4.4	0	0.002313	0.000205	0.020876	0.021081	0	0	-0.09641	0	0	9.9974	8.9177
-4.3	0	0.007594	0.000211	0.020799	0.02101	0	0	-0.095476	0	0	9.9974	2.8001
-4.2	0	0.012874	0.000223	0.020725	0.020948	0	0	-0.094542	0	0	9.9974	1.7011
-4.1	0	0.018154	0.000242	0.020655	0.020898	0	0	-0.093606	0	0	9.9974	1.2414
-4	0	0.023434	0.000268	0.020587	0.020854	0	0	-0.09267	0	0	9.9974	0.9889
-3.9	0	0.028713	0.0003	0.020514	0.020814	0	0	-0.091732	0	0	9.9974	0.8293
-3.8	0	0.033992	0.000339	0.020434	0.020773	0	0	-0.090793	0	0	9.9974	0.7192
-3.7	0	0.039269	0.000384	0.020345	0.020729	0	0	-0.089853	0	0	9.9974	0.6388
-3.6	0	0.044547	0.000436	0.020248	0.020684	0	0	-0.088912	0	0	9.9974	0.5774
-3.5	0	0.049823	0.000494	0.02014	0.020635	0	0	-0.08797	0	0	9.9974	0.529
-3.4	0	0.055099	0.000559	0.020028	0.020587	0	0	-0.087026	0	0	9.9974	0.4899
-3.3	0	0.060374	0.000631	0.019957	0.020587	0	0	-0.086083	0	0	9.9974	0.4576
-3.2	0	0.065649	0.000709	0.019903	0.020611	0	0	-0.08514	0	0	9.9974	0.4305
-3.1	0	0.070922	0.000793	0.019852	0.020645	0	0	-0.084196	0	0	9.9974	0.4075
-3	0	0.076194	0.000884	0.019789	0.020673	0	0	-0.083251	0	0	9.9974	0.3877
-2.9	0	0.081466	0.000982	0.019706	0.020688	0	0	-0.082305	0	0	9.9974	0.3704
-2.8	0	0.086736	0.001086	0.019605	0.020691	0	0	-0.081357	0	0	9.9974	0.3552
-2.7	0	0.092006	0.001196	0.019533	0.020729	0	0	-0.080409	0	0	9.9974	0.3418
-2.6	0	0.097274	0.001313	0.019448	0.020761	0	0	-0.07946	0	0	9.9974	0.3298
-2.5	0	0.102541	0.001437	0.019353	0.02079	0	0	-0.078509	0	0	9.9974	0.319
-2.4	0	0.107806	0.001567	0.019264	0.020831	0	0	-0.077559	0	0	9.9974	0.3094
-2.3	0	0.113071	0.001703	0.019182	0.020886	0	0	-0.076607	0	0	9.9974	0.3006
-2.2	0	0.118334	0.001846	0.019105	0.020951	0	0	-0.075656	0	0	9.9974	0.2926
-2.1	0	0.123595	0.001996	0.019022	0.021017	0	0	-0.074703	0	0	9.9974	0.2853
-2	0	0.128856	0.002152	0.018944	0.021096	0	0	-0.07375	0	0	9.9974	0.2785
-1.9	0	0.134114	0.002314	0.018844	0.021158	0	0	-0.072795	0	0	9.9974	0.2724
-1.8	0	0.139371	0.002483	0.018743	0.021226	0	0	-0.07184	0	0	9.9974	0.2666
-1.7	0	0.144627	0.002658	0.018646	0.021305	0	0	-0.070884	0	0	9.9974	0.2613
-1.6	0	0.149881	0.00284	0.018552	0.021392	0	0	-0.069927	0	0	9.9974	0.2564
-1.5	0	0.155133	0.003028	0.018489	0.021518	0	0	-0.068971	0	0	9.9974	0.2518
-1.4	0	0.160384	0.003223	0.018429	0.021652	0	0	-0.068015	0	0	9.9974	0.2475
-1.3	0	0.165632	0.003424	0.018343	0.021767	0	0	-0.067057	0	0	9.9974	0.2435
-1.2	0	0.170879	0.003632	0.018256	0.021887	0	0	-0.066098	0	0	9.9974	0.2397
-1.1	0	0.176124	0.003845	0.018171	0.022017	0	0	-0.065139	0	0	9.9974	0.2362
-1	0	0.181367	0.004066	0.018082	0.022148	0	0	-0.064179	0	0	9.9974	0.2329
-0.9	0	0.186608	0.004292	0.017991	0.022284	0	0	-0.063218	0	0	9.9974	0.2297
-0.8	0	0.191847	0.004526	0.017895	0.02242	0	0	-0.062257	0	0	9.9974	0.2268
-0.7	0	0.197084	0.004765	0.017795	0.02256	0	0	-0.061295	0	0	9.9974	0.2239
-0.6	0	0.202319	0.005011	0.017701	0.022712	0	0	-0.060333	0	0	9.9974	0.2213
-0.5	0	0.207551	0.005263	0.017619	0.022882	0	0	-0.05937	0	0	9.9974	0.2187
-0.4	0	0.212781	0.005522	0.01754	0.023062	0	0	-0.058407	0	0	9.9974	0.2163
-0.3	0	0.21801	0.005786	0.017457	0.023244	0	0	-0.057444	0	0	9.9974	0.2141
-0.2	0	0.223235	0.006058	0.017371	0.023428	0	0	-0.05648	0	0	9.9974	0.2119
-0.1	0	0.228458	0.006335	0.017286	0.023621	0	0	-0.055515	0	0	9.9974	0.2098
0	0	0.233679	0.006619	0.017207	0.023826	0	0	-0.05455	0	0	9.9974	0.2078
0.1	0	0.238898	0.006909	0.017133	0.024042	0	0	-0.053585	0	0	9.9974	0.2059
0.2	0	0.244113	0.007206	0.017063	0.024268	0	0	-0.052619	0	0	9.9974	0.2041
0.3	0	0.249327	0.007508	0.016994	0.024502	0	0	-0.051653	0	0	9.9974	0.2024
0.4	0	0.254537	0.007817	0.01691	0.024727	0	0	-0.050687	0	0	9.9974	0.2007
0.5	0	0.259745	0.008132	0.016821	0.024954	0	0	-0.049719	0	0	9.9974	0.1991
0.6	0	0.26495	0.008454	0.016728	0.025182	0	0	-0.048751	0	0	9.9974	0.1976
0.7	0	0.270153	0.008782	0.016628	0.02541	0	0	-0.047783	0	0	9.9974	0.1961
0.8	0	0.275352	0.009116	0.016528	0.025643	0	0	-0.046814	0	0	9.9974	0.1947
0.9	0	0.280549	0.009456	0.016428	0.025884	0	0	-0.045845	0	0	9.9974	0.1934
1	0	0.285743	0.009802	0.016328	0.02613	0	0	-0.044875	0	0	9.9974	0.1921
1.1	0	0.290934	0.010155	0.016229	0.026384	0	0	-0.043906	0	0	9.9974	0.1908
1.2	0	0.296122	0.010513	0.016134	0.026647	0	0	-0.042936	0	0	9.9974	0.1896
1.3	0	0.301306	0.010878	0.016047	0.026925	0	0	-0.041965	0	0	9.9974	0.1884
1.4	0	0.306488	0.011249	0.015971	0.027221	0	0	-0.040995	0	0	9.9974	0.1873
1.5	0	0.311666	0.011626	0.015902	0.027528	0	0	-0.040025	0	0	9.9974	0.1862
1.6	0	0.316842	0.01201	0.015856	0.027866	0	0	-0.039055	0	0	9.9974	0.1851
1.7	0	0.322014	0.012399	0.015807	0.028206	0	0	-0.038085	0	0	9.9974	0.1841
1.8	0	0.327182	0.012795	0.015762	0.028557	0	0	-0.037115	0	0	9.9974	0.1831
1.9	0	0.332348	0.013196	0.015728	0.028925	0	0	-0.036144	0	0	9.9974	0.1822
2	0	0.337509	0.013604	0.015697	0.029301	0	0	-0.035174	0	0	9.9974	0.1813
2.1	0	0.342668	0.014018	0.015665	0.029683	0	0	-0.034203	0	0	9.9974	0.1804
2.2	0	0.347823	0.014437	0.015638	0.030075	0	0	-0.033232	0	0	9.9974	0.1795
2.3	0	0.352974	0.014863	0.015613	0.030476	0	0	-0.032261	0	0	9.9974	0.1787
2.4	0	0.358122	0.015295	0.015591	0.030886	0	0	-0.031289	0	0	9.9974	0.1779
2.5	0	0.363266	0.015733	0.015574	0.031307	0	0	-0.030318	0	0	9.9974	0.1771
2.6	0	0.368407	0.016177	0.015557	0.031733	0	0	-0.029346	0	0	9.9974	0.1763
2.7	0	0.373543	0.016627	0.01554	0.032166	0	0	-0.028374	0	0	9.9974	0.1756
2.8	0	0.378676	0.017082	0.015525	0.032607	0	0	-0.027402	0	0	9.9974	0.1748
2.9	0	0.383805	0.017544	0.015512	0.033056	0	0	-0.02643	0	0	9.9974	0.1741
3	0	0.388931	0.018012	0.0155	0.033511	0	0	-0.025458	0	0	9.9974	0.1734
3.1	0	0.394052	0.018485	0.015487	0.033972	0	0	-0.024485	0	0	9.9974	0.1728
3.2	0	0.399169	0.018965	0.015474	0.034438	0	0	-0.023512	0	0	9.9974	0.1721
3.3	0	0.404283	0.01945	0.015462	0.034912	0	0	-0.02254	0	0	9.9974	0.1715
3.4	0	0.409392	0.019941	0.01545	0.035391	0	0	-0.021567	0	0	9.9974	0.1709
3.5	0	0.414497	0.020438	0.015439	0.035877	0	0	-0.020594	0	0	9.9974	0.1703
3.6	0	0.419598	0.020941	0.015427	0.036368	0	0	-0.019621	0	0	9.9974	0.1697
3.7	0	0.424695	0.02145	0.015414	0.036864	0	0	-0.018647	0	0	9.9974	0.1692
3.8	0	0.429787	0.021964	0.015402	0.037366	0	0	-0.017674	0	0	9.9974	0.1686
3.9	0	0.434875	0.022484	0.015388	0.037873	0	0	-0.016701	0	0	9.9974	0.1681
4	0	0.439959	0.02301	0.015374	0.038384	0	0	-0.015727	0	0	9.9974	0.1676
4.1	0	0.445039	0.023542	0.01536	0.038902	0	0	-0.014754	0	0	9.9974	0.1671
4.2	0	0.450114	0.024079	0.015346	0.039425	0	0	-0.013781	0	0	9.9974	0.1666
4.3	0	0.455184	0.024623	0.015332	0.039955	0	0	-0.012807	0	0	9.9974	0.1661
4.4	0	0.46025	0.025171	0.015319	0.04049	0	0	-0.011834	0	0	9.9974	0.1656
4.5	0	0.465312	0.025726	0.015307	0.041033	0	0	-0.01086	0	0	9.9974	0.1651
4.6	0	0.470369	0.026286	0.015296	0.041582	0	0	-0.009887	0	0	9.9974	0.1647
4.7	0	0.475421	0.026852	0.015287	0.042139	0	0	-0.008913	0	0	9.9974	0.1643
4.8	0	0.480468	0.027423	0.015305	0.042729	0	0	-0.007941	0	0	9.9974	0.1638
4.9	0	0.485511	0.028	0.015299	0.043299	0	0	-0.006968	0	0	9.9974	0.1634
5	0	0.490549	0.028583	0.015297	0.04388	0	0	-0.005995	0	0	9.9974	0.163
5.1	0	0.495582	0.029171	0.015294	0.044466	0	0	-0.005022	0	0	9.9974	0.1626
5.2	0	0.50061	0.029765	0.015339	0.045104	0	0	-0.00405	0	0	9.9974	0.1622
5.3	0	0.505634	0.030364	0.015337	0.045701	0	0	-0.003077	0	0	9.9974	0.1618
5.4	0	0.510652	0.030969	0.015333	0.046302	0	0	-0.002105	0	0	9.9974	0.1615
5.5	0	0.515665	0.031579	0.015327	0.046906	0	0	-0.001132	0	0	9.9974	0.1611
5.6	0	0.520673	0.032195	0.01532	0.047514	0	0	-0.00016	0	0	9.9974	0.1607
5.7	0	0.525676	0.032816	0.015312	0.048128	0	0	0.000813	0	0	9.9974	0.1604
5.8	0	0.530674	0.033442	0.015303	0.048745	0	0	0.001785	0	0	9.9974	0.16
5.9	0	0.535667	0.034074	0.015294	0.049368	0	0	0.002757	0	0	9.9974	0.1597
6	0	0.540654	0.034712	0.015284	0.049996	0	0	0.003729	0	0	9.9974	0.1594
6.1	0	0.545637	0.035354	0.015304	0.050659	0	0	0.0047	0	0	9.9974	0.1591
6.2	0	0.550614	0.036002	0.015294	0.051296	0	0	0.005671	0	0	9.9974	0.1587
6.3	0	0.555585	0.036656	0.015286	0.051941	0	0	0.006643	0	0	9.9974	0.1584
6.4	0	0.560551	0.037314	0.015273	0.052588	0	0	0.007614	0	0	9.9974	0.1581
6.5	0	0.565512	0.037978	0.015272	0.053251	0	0	0.008584	0	0	9.9974	0.1579
6.6	0	0.570467	0.038647	0.015305	0.053952	0	0	0.009553	0	0	9.9974	0.1576
6.7	0	0.575416	0.039322	0.015294	0.054615	0	0	0.010523	0	0	9.9974	0.1573
6.8	0	0.58036	0.040001	0.01531	0.055311	0	0	0.011492	0	0	9.9974	0.157
6.9	0	0.585299	0.040686	0.015299	0.055985	0	0	0.012461	0	0	9.9974	0.1567
7	0	0.590231	0.041376	0.015288	0.056663	0	0	0.01343	0	0	9.9974	0.1565
7.1	0	0.595158	0.042071	0.015284	0.057354	0	0	0.014399	0	0	9.9974	0.1562
7.2	0	0.600079	0.042771	0.015286	0.058057	0	0	0.015367	0	0	9.9974	0.156
7.3	0	0.604995	0.043476	0.015288	0.058764	0	0	0.016336	0	0	9.9974	0.1557
7.4	0	0.609904	0.044187	0.015298	0.059485	0	0	0.017303	0	0	9.9974	0.1555
7.5	0	0.614808	0.044902	0.015339	0.060241	0	0	0.01827	0	0	9.9974	0.1552
7.6	0	0.619706	0.045622	0.015341	0.060963	0	0	0.019237	0	0	9.9974	0.155
7.7	0	0.624597	0.046348	0.015344	0.061692	0	0	0.020204	0	0	9.9974	0.1548
7.8	0	0.629483	0.047078	0.015349	0.062427	0	0	0.02117	0	0	9.9974	0.1545
7.9	0	0.634363	0.047814	0.015347	0.06316	0	0	0.022136	0	0	9.9974	0.1543
8	0	0.639236	0.048554	0.015345	0.063899	0	0	0.023101	0	0	9.9974	0.1541
8.1	0	0.644104	0.049299	0.015408	0.064707	0	0	0.024064	0	0	9.9974	0.1539
8.2	0	0.648965	0.050049	0.015421	0.06547	0	0	0.025029	0	0	9.9974	0.1537
8.3	0	0.65382	0.050804	0.015436	0.06624	0	0	0.025993	0	0	9.9974	0.1535
8.4	0	0.658669	0.051564	0.01546	0.067023	0	0	0.026957	0	0	9.9974	0.1533
8.5	0	0.663511	0.052328	0.015512	0.06784	0	0	0.027919	0	0	9.9974	0.1531
8.6	0	0.668347	0.053098	0.015529	0.068627	0	0	0.028882	0	0	9.9974	0.1529
8.7	0	0.673177	0.053872	0.01554	0.069412	0	0	0.029844	0	0	9.9974	0.1527
8.8	0	0.678	0.05465	0.015554	0.070204	0	0	0.030805	0	0	9.9974	0.1525
8.9	0	0.682817	0.055434	0.015568	0.071002	0	0	0.031766	0	0	9.9974	0.1524
9	0	0.687628	0.056222	0.015619	0.071841	0	0	0.032727	0	0	9.9974	0.1522
9.1	0	0.692431	0.057015	0.01563	0.072645	0	0	0.033687	0	0	9.9974	0.152
9.2	0	0.697229	0.057813	0.015639	0.073452	0	0	0.034647	0	0	9.9974	0.1518
9.3	0	0.702019	0.058615	0.015659	0.074274	0	0	0.035606	0	0	9.9974	0.1517
9.4	0	0.706803	0.059421	0.015676	0.075098	0	0	0.036564	0	0	9.9974	0.1515
9.5	0	0.71158	0.060233	0.015704	0.075936	0	0	0.037522	0	0	9.9974	0.1513
9.6	0	0.716351	0.061048	0.015803	0.076851	0	0	0.038478	0	0	9.9974	0.1512
9.7	0	0.721114	0.061869	0.015831	0.0777	0	0	0.039435	0	0	9.9974	0.151
9.8	0	0.725871	0.062693	0.015866	0.078559	0	0	0.040391	0	0	9.9974	0.1509
10	0	0.735364	0.064356	0.015911	0.080267	0	0	0.042301	0	0	9.9974	0.1506
10.1	0	0.740101	0.065194	0.01593	0.081124	0	0	0.043255	0	0	9.9974	0.1505
10.2	0	0.74483	0.066036	0.015951	0.081987	0	0	0.044209	0	0	9.9974	0.1503
10.3	0	0.749552	0.066883	0.016008	0.082891	0	0	0.04516	0	0	9.9974	0.1502
10.4	0	0.754267	0.067734	0.016025	0.083759	0	0	0.046112	0	0	9.9974	0.15
10.5	0	0.758975	0.068589	0.016085	0.084674	0	0	0.047063	0	0	9.9974	0.1499
10.6	0	0.763676	0.069449	0.016106	0.085555	0	0	0.048014	0	0	9.9974	0.1498
10.7	0	0.76837	0.070312	0.016134	0.086446	0	0	0.048964	0	0	9.9974	0.1497
10.8	0	0.773056	0.07118	0.016159	0.08734	0	0	0.049914	0	0	9.9974	0.1495
10.9	0	0.777736	0.072052	0.016194	0.088246	0	0	0.050863	0	0	9.9974	0.1494
11	0	0.782408	0.072929	0.016227	0.089155	0	0	0.051811	0	0	9.9974	0.1493
11.1	0	0.787072	0.073809	0.016261	0.09007	0	0	0.052758	0	0	9.9974	0.1492
11.2	0	0.79173	0.074694	0.016371	0.091064	0	0	0.053703	0	0	9.9974	0.1491
11.3	0	0.79638	0.075582	0.016438	0.09202	0	0	0.054646	0	0	9.9974	0.1489
11.4	0	0.801022	0.076475	0.016467	0.092941	0	0	0.055591	0	0	9.9974	0.1488
11.5	0	0.805657	0.077371	0.016491	0.093862	0	0	0.056535	0	0	9.9974	0.1487
11.6	0	0.810285	0.078272	0.016518	0.094789	0	0	0.057478	0	0	9.9974	0.1486
11.7	0	0.814905	0.079176	0.01654	0.095716	0	0	0.05842	0	0	9.9974	0.1485
11.8	0	0.819517	0.080084	0.016561	0.096645	0	0	0.059361	0	0	9.9974	0.1484
11.9	0	0.824122	0.080997	0.016615	0.097611	0	0	0.060301	0	0	9.9974	0.1483
12	0	0.82872	0.081913	0.016644	0.098556	0	0	0.061241	0	0	9.9974	0.1482
12.1	0	0.833309	0.082833	0.016671	0.099504	0	0	0.06218	0	0	9.9974	0.1481
12.2	0	0.837891	0.083756	0.016701	0.100457	0	0	0.063118	0	0	9.9974	0.148
12.3	0	0.842465	0.084684	0.016777	0.10146	0	0	0.064053	0	0	9.9974	0.1479
12.4	0	0.847032	0.085615	0.016815	0.10243	0	0	0.064989	0	0	9.9974	0.1478
12.5	0	0.85159	0.08655	0.016851	0.1034	0	0	0.065925	0	0	9.9974	0.1478
12.6	0	0.856141	0.087488	0.016885	0.104374	0	0	0.06686	0	0	9.9974	0.1477
12.7	0	0.860684	0.08843	0.016945	0.105375	0	0	0.067793	0	0	9.9974	0.1476
12.8	0	0.865218	0.089376	0.01703	0.106406	0	0	0.068724	0	0	9.9974	0.1475
12.9	0	0.869745	0.090326	0.01707	0.107396	0	0	0.069656	0	0	9.9974	0.1474
13	0	0.874264	0.091279	0.017105	0.108383	0	0	0.070586	0	0	9.9974	0.1473
13.1	0	0.878775	0.092235	0.017135	0.10937	0	0	0.071516	0	0	9.9974	0.1473
13.2	0	0.883278	0.093195	0.017166	0.110361	0	0	0.072444	0	0	9.9974	0.1472
13.3	0	0.887773	0.094158	0.017195	0.111353	0	0	0.073371	0	0	9.9974	0.1471
13.4	0	0.892259	0.095125	0.017224	0.11235	0	0	0.074298	0	0	9.9974	0.147
13.5	0	0.896738	0.096095	0.017254	0.113349	0	0	0.075223	0	0	9.9974	0.147
13.6	0	0.901208	0.097069	0.017325	0.114394	0	0	0.076148	0	0	9.9974	0.1469
13.7	0	0.90567	0.098046	0.017364	0.11541	0	0	0.077071	0	0	9.9974	0.1468
13.8	0	0.910124	0.099026	0.017434	0.11646	0	0	0.077991	0	0	9.9974	0.1468
13.9	0	0.91457	0.100009	0.017479	0.117489	0	0	0.078912	0	0	9.9974	0.1467
14	0	0.919007	0.100996	0.017522	0.118518	0	0	0.079833	0	0	9.9974	0.1466
14.1	0	0.923436	0.101986	0.017562	0.119548	0	0	0.080752	0	0	9.9974	0.1466
14.2	0	0.927857	0.102979	0.017648	0.120627	0	0	0.081668	0	0	9.9974	0.1465
14.3	0	0.932269	0.103975	0.01769	0.121666	0	0	0.082585	0	0	9.9974	0.1465
14.4	0	0.936672	0.104975	0.017731	0.122706	0	0	0.083501	0	0	9.9974	0.1464
14.5	0	0.941067	0.105977	0.017833	0.12381	0	0	0.084414	0	0	9.9974	0.1464
14.6	0	0.945454	0.106983	0.017873	0.124856	0	0	0.085327	0	0	9.9974	0.1463
14.7	0	0.949832	0.107991	0.017908	0.125899	0	0	0.086239	0	0	9.9974	0.1462
14.8	0	0.954202	0.109002	0.017943	0.126945	0	0	0.08715	0	0	9.9974	0.1462
14.9	0	0.958563	0.110017	0.017974	0.127991	0	0	0.088059	0	0	9.9974	0.1461
15	0	0.962915	0.111034	0.018008	0.129042	0	0	0.088968	0	0	9.9974	0.1461
15.1	0	0.967259	0.112054	0.018069	0.130123	0	0	0.089875	0	0	9.9974	0.1461
15.2	0	0.971594	0.113077	0.018101	0.131178	0	0	0.090781	0	0	9.9974	0.146
15.3	0	0.97592	0.114103	0.018135	0.132238	0	0	0.091686	0	0	9.9974	0.146
15.4	0	0.980238	0.115131	0.01817	0.133301	0	0	0.09259	0	0	9.9974	0.1459
15.5	0	0.984547	0.116163	0.018206	0.134368	0	0	0.093493	0	0	9.9974	0.1459
15.6	0	0.988847	0.117197	0.018238	0.135435	0	0	0.094395	0	0	9.9974	0.1458
15.7	0	0.993138	0.118234	0.018273	0.136506	0	0	0.095295	0	0	9.9974	0.1458
15.8	0	0.99742	0.119273	0.018307	0.137579	0	0	0.096194	0	0	9.9974	0.1458
15.9	0	1.001693	0.120315	0.018341	0.138656	0	0	0.097092	0	0	9.9974	0.1457
16	0	1.005958	0.121359	0.018376	0.139736	0	0	0.097988	0	0	9.9974	0.1457
16.1	0	1.010213	0.122406	0.018413	0.140819	0	0	0.098883	0	0	9.9974	0.1456
16.2	0	1.01446	0.123456	0.018538	0.141994	0	0	0.099772	0	0	9.9974	0.1456
16.3	0	1.018698	0.124508	0.018583	0.143091	0	0	0.100664	0	0	9.9974	0.1456
16.4	0	1.022926	0.125563	0.018628	0.144191	0	0	0.101554	0	0	9.9974	0.1455
16.5	0	1.027146	0.126619	0.01869	0.145309	0	0	0.102444	0	0	9.9974	0.1455
16.6	0	1.031356	0.127679	0.018735	0.146414	0	0	0.103332	0	0	9.9974	0.1455
16.7	0	1.035557	0.12874	0.018822	0.147562	0	0	0.104215	0	0	9.9974	0.1455
16.8	0	1.039749	0.129804	0.018863	0.148668	0	0	0.1051	0	0	9.9974	0.1454
16.9	0	1.043932	0.13087	0.018904	0.149775	0	0	0.105984	0	0	9.9974	0.1454
17	0	1.048106	0.131939	0.018943	0.150882	0	0	0.106867	0	0	9.9974	0.1454
17.1	0	1.05227	0.133009	0.018981	0.15199	0	0	0.107748	0	0	9.9974	0.1454
17.2	0	1.056426	0.134082	0.019018	0.1531	0	0	0.108628	0	0	9.9974	0.1453
17.3	0	1.060572	0.135157	0.019054	0.154211	0	0	0.109507	0	0	9.9974	0.1453
17.4	0	1.064708	0.136234	0.019086	0.15532	0	0	0.110383	0	0	9.9974	0.1453
17.5	0	1.068836	0.137313	0.019117	0.15643	0	0	0.111259	0	0	9.9974	0.1453
17.6	0	1.072954	0.138394	0.019159	0.157553	0	0	0.112132	0	0	9.9974	0.1452
17.7	0	1.077062	0.139477	0.019232	0.158709	0	0	0.113003	0	0	9.9974	0.1452
17.8	0	1.081162	0.140562	0.019278	0.15984	0	0	0.113873	0	0	9.9974	0.1452
17.9	0	1.085251	0.141649	0.019318	0.160967	0	0	0.114742	0	0	9.9974	0.1452
18	0	1.089332	0.142738	0.019387	0.162125	0	0	0.11561	0	0	9.9974	0.1452
18.1	0	1.093403	0.143829	0.019433	0.163261	0	0	0.116476	0	0	9.9974	0.1452
18.2	0	1.097464	0.144921	0.019477	0.164398	0	0	0.11734	0	0	9.9974	0.1451
18.3	0	1.101516	0.146015	0.019523	0.165538	0	0	0.118203	0	0	9.9974	0.1451
18.4	0	1.105558	0.147111	0.019571	0.166682	0	0	0.119065	0	0	9.9974	0.1451
18.5	0	1.109591	0.148209	0.019628	0.167837	0	0	0.119925	0	0	9.9974	0.1451
18.6	0	1.113614	0.149308	0.019704	0.169012	0	0	0.120781	0	0	9.9974	0.1451
18.7	0	1.117628	0.150409	0.019749	0.170158	0	0	0.121639	0	0	9.9974	0.1451
18.8	0	1.121632	0.151512	0.019794	0.171306	0	0	0.122494	0	0	9.9974	0.1451
18.9	0	1.125626	0.152616	0.019838	0.172453	0	0	0.123348	0	0	9.9974	0.1451
19	0	1.129611	0.153722	0.019879	0.1736	0	0	0.1242	0	0	9.9974	0.1451
19.1	0	1.133585	0.154829	0.019917	0.174745	0	0	0.12505	0	0	9.9974	0.1451
19.2	0	1.13755	0.155937	0.019956	0.175893	0	0	0.125899	0	0	9.9974	0.1451
19.3	0	1.141506	0.157047	0.02005	0.177097	0	0	0.126745	0	0	9.9974	0.1451
19.4	0	1.145451	0.158159	0.020128	0.178286	0	0	0.12759	0	0	9.9974	0.1451
19.5	0	1.149387	0.159271	0.020174	0.179446	0	0	0.128433	0	0	9.9974	0.145
19.6	0	1.153313	0.160385	0.02022	0.180605	0	0	0.129275	0	0	9.9974	0.145
19.7	0	1.157229	0.161501	0.020273	0.181774	0	0	0.130116	0	0	9.9974	0.145
19.8	0	1.161136	0.162617	0.020321	0.182938	0	0	0.130954	0	0	9.9974	0.145
19.9	0	1.165032	0.163735	0.020369	0.184104	0	0	0.131792	0	0	9.9974	0.145
20	0	1.168918	0.164854	0.020461	0.185315	0	0	0.132623	0	0	9.9974	0.145
20.1	0	1.172795	0.165974	0.020503	0.186476	0	0	0.133457	0	0	9.9974	0.1451
20.2	0	1.176662	0.167095	0.020556	0.187651	0	0	0.13429	0	0	9.9974	0.1451
20.3	0	1.180518	0.168217	0.020604	0.188821	0	0	0.13512	0	0	9.9974	0.1451
20.4	0	1.184365	0.16934	0.02065	0.18999	0	0	0.135949	0	0	9.9974	0.1451
20.5	0	1.188202	0.170464	0.0207	0.191164	0	0	0.136776	0	0	9.9974	0.1451
20.6	0	1.192028	0.171589	0.020772	0.192361	0	0	0.137601	0	0	9.9974	0.1451
20.7	0	1.195845	0.172715	0.020842	0.193557	0	0	0.138424	0	0	9.9974	0.1451
20.8	0	1.199652	0.173842	0.020976	0.194818	0	0	0.139242	0	0	9.9974	0.1451
20.9	0	1.203448	0.17497	0.021047	0.196016	0	0	0.140061	0	0	9.9974	0.1451
21	0	1.207234	0.176098	0.021105	0.197203	0	0	0.140878	0	0	9.9974	0.1451
21.1	0	1.211011	0.177227	0.021158	0.198385	0	0	0.141694	0	0	9.9974	0.1451
21.2	0	1.214777	0.178357	0.02123	0.199587	0	0	0.142509	0	0	9.9974	0.1451
21.3	0	1.218533	0.179488	0.021304	0.200792	0	0	0.143322	0	0	9.9974	0.1451
21.4	0	1.222279	0.180619	0.02137	0.201989	0	0	0.144134	0	0	9.9974	0.1451
21.5	0	1.226014	0.181751	0.021459	0.20321	0	0	0.144943	0	0	9.9974	0.1452
21.6	0	1.22974	0.182883	0.021551	0.204434	0	0	0.145751	0	0	9.9974	0.1452
21.7	0	1.233455	0.184016	0.021652	0.205668	0	0	0.146557	0	0	9.9974	0.1452
21.8	0	1.23716	0.185149	0.021714	0.206863	0	0	0.147361	0	0	9.9974	0.1452
21.9	0	1.240855	0.186283	0.021773	0.208056	0	0	0.148163	0	0	9.9974	0.1452
22	0	1.244539	0.187418	0.021848	0.209266	0	0	0.148963	0	0	9.9974	0.1452
22.1	0	1.248213	0.188552	0.022051	0.210604	0	0	0.149766	0	0	9.9974	0.1453
22.2	0	1.251877	0.189687	0.02223	0.211917	0	0	0.150564	0	0	9.9974	0.1453
22.3	0	1.255531	0.190822	0.022348	0.21317	0	0	0.15136	0	0	9.9974	0.1453
22.4	0	1.259174	0.191958	0.022509	0.214467	0	0	0.152154	0	0	9.9974	0.1453
22.5	0	1.262807	0.193094	0.022739	0.215832	0	0	0.152948	0	0	9.9974	0.1453
22.6	0	1.266429	0.19423	0.022903	0.217133	0	0	0.15374	0	0	9.9974	0.1453
22.7	0	1.270041	0.195366	0.0232	0.218566	0	0	0.154537	0	0	9.9974	0.1454
22.8	0	1.273643	0.196502	0.023465	0.219967	0	0	0.155329	0	0	9.9974	0.1454
22.9	0	1.277234	0.197639	0.023648	0.221287	0	0	0.156115	0	0	9.9974	0.1454
23	0	1.280815	0.198775	0.023938	0.222713	0	0	0.156903	0	0	9.9974	0.1454
23.1	0	1.284386	0.199911	0.02439	0.224301	0	0	0.157698	0	0	9.9974	0.1455
23.2	0	1.287946	0.201048	0.024746	0.225794	0	0	0.158487	0	0	9.9974	0.1455
23.3	0	1.291495	0.202184	0.025051	0.227235	0	0	0.159273	0	0	9.9974	0.1455
23.4	0	1.295034	0.20332	0.025575	0.228895	0	0	0.160064	0	0	9.9974	0.1455
23.5	0	1.298563	0.204456	0.026065	0.230522	0	0	0.160847	0	0	9.9974	0.1455
23.6	0	1.302081	0.205592	0.026513	0.232105	0	0	0.16163	0	0	9.9974	0.1456
23.7	0	1.305588	0.206728	0.026852	0.23358	0	0	0.162416	0	0	9.9974	0.1456
23.8	0	1.309085	0.207863	0.027984	0.235847	0	0	0.163221	0	0	9.9974	0.1456
23.9	0	1.312572	0.208998	0.028145	0.237143	0	0	0.163992	0	0	9.9974	0.1457
24	0	1.316048	0.210133	0.027871	0.238003	0	0	0.164753	0	0	9.9974	0.1457
24.1	0	1.319513	0.211267	0.02823	0.239497	0	0	0.165533	0	0	9.9974	0.1457
24.2	0	1.322968	0.212401	0.029285	0.241686	0	0	0.166333	0	0	9.9974	0.1457
24.3	0	1.326412	0.213534	0.029688	0.243222	0	0	0.167103	0	0	9.9974	0.1458
24.4	0	1.329845	0.214667	0.03074	0.245408	0	0	0.16789	0	0	9.9974	0.1458
24.5	0	1.333268	0.2158	0.031819	0.247619	0	0	0.168719	0	0	9.9974	0.1458
24.6	0	1.336681	0.216932	0.032193	0.249125	0	0	0.169456	0	0	9.9974	0.1459